strategy,num_mines,time_to_kill,surviving_mines,enemy_destroyed
Жадный алгоритм (Greedy Attack),3,259,2,True
Жадный алгоритм (Greedy Attack),3,259,2,True
Жадный алгоритм (Greedy Attack),3,259,3,True
Жадный алгоритм (Greedy Attack),3,259,3,True
Жадный алгоритм (Greedy Attack),3,259,2,True
Жадный алгоритм (Greedy Attack),3,259,2,True
Жадный алгоритм (Greedy Attack),3,259,2,True
Жадный алгоритм (Greedy Attack),3,259,3,True
Жадный алгоритм (Greedy Attack),3,259,2,True
Жадный алгоритм (Greedy Attack),3,259,3,True
Жадный алгоритм (Greedy Attack),3,259,3,True
Жадный алгоритм (Greedy Attack),3,259,3,True
Жадный алгоритм (Greedy Attack),3,259,3,True
Жадный алгоритм (Greedy Attack),3,259,2,True
Жадный алгоритм (Greedy Attack),3,259,2,True
Жадный алгоритм (Greedy Attack),3,259,3,True
Жадный алгоритм (Greedy Attack),3,259,3,True
Жадный алгоритм (Greedy Attack),3,259,3,True
Жадный алгоритм (Greedy Attack),3,259,2,True
Жадный алгоритм (Greedy Attack),3,259,3,True
Жадный алгоритм (Greedy Attack),3,259,2,True
Жадный алгоритм (Greedy Attack),3,259,3,True
Жадный алгоритм (Greedy Attack),3,259,3,True
Жадный алгоритм (Greedy Attack),3,259,3,True
Жадный алгоритм (Greedy Attack),3,259,3,True
Жадный алгоритм (Greedy Attack),3,259,2,True
Жадный алгоритм (Greedy Attack),3,259,2,True
Жадный алгоритм (Greedy Attack),3,259,3,True
Жадный алгоритм (Greedy Attack),3,259,3,True
Жадный алгоритм (Greedy Attack),3,259,3,True
Жадный алгоритм (Greedy Attack),3,259,2,True
Жадный алгоритм (Greedy Attack),3,259,2,True
Жадный алгоритм (Greedy Attack),3,259,2,True
Жадный алгоритм (Greedy Attack),3,259,2,True
Жадный алгоритм (Greedy Attack),3,259,2,True
Жадный алгоритм (Greedy Attack),3,259,3,True
Жадный алгоритм (Greedy Attack),3,259,3,True
Жадный алгоритм (Greedy Attack),3,259,2,True
Жадный алгоритм (Greedy Attack),3,259,2,True
Жадный алгоритм (Greedy Attack),3,259,3,True
Жадный алгоритм (Greedy Attack),5,259,4,True
Жадный алгоритм (Greedy Attack),5,259,5,True
Жадный алгоритм (Greedy Attack),5,259,5,True
Жадный алгоритм (Greedy Attack),5,259,5,True
Жадный алгоритм (Greedy Attack),5,259,5,True
Жадный алгоритм (Greedy Attack),5,259,4,True
Жадный алгоритм (Greedy Attack),5,259,5,True
Жадный алгоритм (Greedy Attack),5,259,4,True
Жадный алгоритм (Greedy Attack),5,259,5,True
Жадный алгоритм (Greedy Attack),5,259,5,True
Жадный алгоритм (Greedy Attack),5,259,5,True
Жадный алгоритм (Greedy Attack),5,259,5,True
Жадный алгоритм (Greedy Attack),5,259,4,True
Жадный алгоритм (Greedy Attack),5,259,5,True
Жадный алгоритм (Greedy Attack),5,259,5,True
Жадный алгоритм (Greedy Attack),5,259,5,True
Жадный алгоритм (Greedy Attack),5,259,5,True
Жадный алгоритм (Greedy Attack),5,259,5,True
Жадный алгоритм (Greedy Attack),5,259,4,True
Жадный алгоритм (Greedy Attack),5,259,5,True
Жадный алгоритм (Greedy Attack),5,259,5,True
Жадный алгоритм (Greedy Attack),5,259,5,True
Жадный алгоритм (Greedy Attack),5,259,5,True
Жадный алгоритм (Greedy Attack),5,259,4,True
Жадный алгоритм (Greedy Attack),5,259,4,True
Жадный алгоритм (Greedy Attack),5,259,5,True
Жадный алгоритм (Greedy Attack),5,259,4,True
Жадный алгоритм (Greedy Attack),5,259,5,True
Жадный алгоритм (Greedy Attack),5,259,4,True
Жадный алгоритм (Greedy Attack),5,259,5,True
Жадный алгоритм (Greedy Attack),5,259,5,True
Жадный алгоритм (Greedy Attack),5,259,4,True
Жадный алгоритм (Greedy Attack),5,259,4,True
Жадный алгоритм (Greedy Attack),5,259,5,True
Жадный алгоритм (Greedy Attack),5,259,5,True
Жадный алгоритм (Greedy Attack),5,259,4,True
Жадный алгоритм (Greedy Attack),5,259,5,True
Жадный алгоритм (Greedy Attack),5,259,4,True
Жадный алгоритм (Greedy Attack),5,259,5,True
Жадный алгоритм (Greedy Attack),5,259,5,True
Жадный алгоритм (Greedy Attack),10,259,9,True
Жадный алгоритм (Greedy Attack),10,259,9,True
Жадный алгоритм (Greedy Attack),10,259,9,True
Жадный алгоритм (Greedy Attack),10,259,10,True
Жадный алгоритм (Greedy Attack),10,259,10,True
Жадный алгоритм (Greedy Attack),10,259,10,True
Жадный алгоритм (Greedy Attack),10,259,10,True
Жадный алгоритм (Greedy Attack),10,259,10,True
Жадный алгоритм (Greedy Attack),10,259,10,True
Жадный алгоритм (Greedy Attack),10,259,10,True
Жадный алгоритм (Greedy Attack),10,259,10,True
Жадный алгоритм (Greedy Attack),10,259,10,True
Жадный алгоритм (Greedy Attack),10,259,9,True
Жадный алгоритм (Greedy Attack),10,259,10,True
Жадный алгоритм (Greedy Attack),10,259,10,True
Жадный алгоритм (Greedy Attack),10,259,10,True
Жадный алгоритм (Greedy Attack),10,259,10,True
Жадный алгоритм (Greedy Attack),10,259,9,True
Жадный алгоритм (Greedy Attack),10,259,9,True
Жадный алгоритм (Greedy Attack),10,259,10,True
Жадный алгоритм (Greedy Attack),10,259,9,True
Жадный алгоритм (Greedy Attack),10,259,10,True
Жадный алгоритм (Greedy Attack),10,259,10,True
Жадный алгоритм (Greedy Attack),10,259,10,True
Жадный алгоритм (Greedy Attack),10,259,9,True
Жадный алгоритм (Greedy Attack),10,259,10,True
Жадный алгоритм (Greedy Attack),10,259,9,True
Жадный алгоритм (Greedy Attack),10,259,10,True
Жадный алгоритм (Greedy Attack),10,259,10,True
Жадный алгоритм (Greedy Attack),10,259,10,True
Жадный алгоритм (Greedy Attack),10,259,10,True
Жадный алгоритм (Greedy Attack),10,259,10,True
Жадный алгоритм (Greedy Attack),10,259,10,True
Жадный алгоритм (Greedy Attack),10,259,10,True
Жадный алгоритм (Greedy Attack),10,259,9,True
Жадный алгоритм (Greedy Attack),10,259,10,True
Жадный алгоритм (Greedy Attack),10,259,10,True
Жадный алгоритм (Greedy Attack),10,259,10,True
Жадный алгоритм (Greedy Attack),10,259,9,True
Жадный алгоритм (Greedy Attack),10,259,9,True
Зигзагообразное движение (Evasive Zigzag),3,340,2,True
Зигзагообразное движение (Evasive Zigzag),3,340,2,True
Зигзагообразное движение (Evasive Zigzag),3,340,3,True
Зигзагообразное движение (Evasive Zigzag),3,340,3,True
Зигзагообразное движение (Evasive Zigzag),3,340,3,True
Зигзагообразное движение (Evasive Zigzag),3,340,2,True
Зигзагообразное движение (Evasive Zigzag),3,340,2,True
Зигзагообразное движение (Evasive Zigzag),3,340,2,True
Зигзагообразное движение (Evasive Zigzag),3,340,2,True
Зигзагообразное движение (Evasive Zigzag),3,340,3,True
Зигзагообразное движение (Evasive Zigzag),3,340,2,True
Зигзагообразное движение (Evasive Zigzag),3,340,3,True
Зигзагообразное движение (Evasive Zigzag),3,340,2,True
Зигзагообразное движение (Evasive Zigzag),3,340,2,True
Зигзагообразное движение (Evasive Zigzag),3,340,3,True
Зигзагообразное движение (Evasive Zigzag),3,340,3,True
Зигзагообразное движение (Evasive Zigzag),3,340,3,True
Зигзагообразное движение (Evasive Zigzag),3,340,3,True
Зигзагообразное движение (Evasive Zigzag),3,340,2,True
Зигзагообразное движение (Evasive Zigzag),3,340,2,True
Зигзагообразное движение (Evasive Zigzag),3,340,3,True
Зигзагообразное движение (Evasive Zigzag),3,340,3,True
Зигзагообразное движение (Evasive Zigzag),3,340,3,True
Зигзагообразное движение (Evasive Zigzag),3,340,2,True
Зигзагообразное движение (Evasive Zigzag),3,340,3,True
Зигзагообразное движение (Evasive Zigzag),3,340,3,True
Зигзагообразное движение (Evasive Zigzag),3,340,2,True
Зигзагообразное движение (Evasive Zigzag),3,340,3,True
Зигзагообразное движение (Evasive Zigzag),3,340,3,True
Зигзагообразное движение (Evasive Zigzag),3,340,3,True
Зигзагообразное движение (Evasive Zigzag),3,340,2,True
Зигзагообразное движение (Evasive Zigzag),3,340,3,True
Зигзагообразное движение (Evasive Zigzag),3,340,2,True
Зигзагообразное движение (Evasive Zigzag),3,340,2,True
Зигзагообразное движение (Evasive Zigzag),3,340,2,True
Зигзагообразное движение (Evasive Zigzag),3,340,2,True
Зигзагообразное движение (Evasive Zigzag),3,340,2,True
Зигзагообразное движение (Evasive Zigzag),3,340,3,True
Зигзагообразное движение (Evasive Zigzag),3,340,3,True
Зигзагообразное движение (Evasive Zigzag),3,340,2,True
Зигзагообразное движение (Evasive Zigzag),5,340,5,True
Зигзагообразное движение (Evasive Zigzag),5,340,4,True
Зигзагообразное движение (Evasive Zigzag),5,340,5,True
Зигзагообразное движение (Evasive Zigzag),5,340,5,True
Зигзагообразное движение (Evasive Zigzag),5,340,5,True
Зигзагообразное движение (Evasive Zigzag),5,340,4,True
Зигзагообразное движение (Evasive Zigzag),5,340,4,True
Зигзагообразное движение (Evasive Zigzag),5,340,5,True
Зигзагообразное движение (Evasive Zigzag),5,340,5,True
Зигзагообразное движение (Evasive Zigzag),5,340,4,True
Зигзагообразное движение (Evasive Zigzag),5,340,4,True
Зигзагообразное движение (Evasive Zigzag),5,340,4,True
Зигзагообразное движение (Evasive Zigzag),5,340,5,True
Зигзагообразное движение (Evasive Zigzag),5,340,5,True
Зигзагообразное движение (Evasive Zigzag),5,340,5,True
Зигзагообразное движение (Evasive Zigzag),5,340,4,True
Зигзагообразное движение (Evasive Zigzag),5,340,4,True
Зигзагообразное движение (Evasive Zigzag),5,340,5,True
Зигзагообразное движение (Evasive Zigzag),5,340,4,True
Зигзагообразное движение (Evasive Zigzag),5,340,5,True
Зигзагообразное движение (Evasive Zigzag),5,340,5,True
Зигзагообразное движение (Evasive Zigzag),5,340,5,True
Зигзагообразное движение (Evasive Zigzag),5,340,5,True
Зигзагообразное движение (Evasive Zigzag),5,340,4,True
Зигзагообразное движение (Evasive Zigzag),5,340,5,True
Зигзагообразное движение (Evasive Zigzag),5,340,4,True
Зигзагообразное движение (Evasive Zigzag),5,340,4,True
Зигзагообразное движение (Evasive Zigzag),5,340,5,True
Зигзагообразное движение (Evasive Zigzag),5,340,5,True
Зигзагообразное движение (Evasive Zigzag),5,340,5,True
Зигзагообразное движение (Evasive Zigzag),5,340,4,True
Зигзагообразное движение (Evasive Zigzag),5,340,5,True
Зигзагообразное движение (Evasive Zigzag),5,340,5,True
Зигзагообразное движение (Evasive Zigzag),5,340,4,True
Зигзагообразное движение (Evasive Zigzag),5,340,5,True
Зигзагообразное движение (Evasive Zigzag),5,340,5,True
Зигзагообразное движение (Evasive Zigzag),5,340,4,True
Зигзагообразное движение (Evasive Zigzag),5,340,4,True
Зигзагообразное движение (Evasive Zigzag),5,340,4,True
Зигзагообразное движение (Evasive Zigzag),5,340,4,True
Зигзагообразное движение (Evasive Zigzag),10,340,10,True
Зигзагообразное движение (Evasive Zigzag),10,340,10,True
Зигзагообразное движение (Evasive Zigzag),10,340,10,True
Зигзагообразное движение (Evasive Zigzag),10,340,10,True
Зигзагообразное движение (Evasive Zigzag),10,340,9,True
Зигзагообразное движение (Evasive Zigzag),10,340,10,True
Зигзагообразное движение (Evasive Zigzag),10,340,9,True
Зигзагообразное движение (Evasive Zigzag),10,340,9,True
Зигзагообразное движение (Evasive Zigzag),10,340,10,True
Зигзагообразное движение (Evasive Zigzag),10,340,10,True
Зигзагообразное движение (Evasive Zigzag),10,340,10,True
Зигзагообразное движение (Evasive Zigzag),10,340,10,True
Зигзагообразное движение (Evasive Zigzag),10,340,10,True
Зигзагообразное движение (Evasive Zigzag),10,340,9,True
Зигзагообразное движение (Evasive Zigzag),10,340,9,True
Зигзагообразное движение (Evasive Zigzag),10,340,9,True
Зигзагообразное движение (Evasive Zigzag),10,340,9,True
Зигзагообразное движение (Evasive Zigzag),10,340,9,True
Зигзагообразное движение (Evasive Zigzag),10,340,9,True
Зигзагообразное движение (Evasive Zigzag),10,340,10,True
Зигзагообразное движение (Evasive Zigzag),10,340,9,True
Зигзагообразное движение (Evasive Zigzag),10,340,10,True
Зигзагообразное движение (Evasive Zigzag),10,340,10,True
Зигзагообразное движение (Evasive Zigzag),10,340,9,True
Зигзагообразное движение (Evasive Zigzag),10,340,9,True
Зигзагообразное движение (Evasive Zigzag),10,340,9,True
Зигзагообразное движение (Evasive Zigzag),10,340,9,True
Зигзагообразное движение (Evasive Zigzag),10,340,10,True
Зигзагообразное движение (Evasive Zigzag),10,340,10,True
Зигзагообразное движение (Evasive Zigzag),10,340,9,True
Зигзагообразное движение (Evasive Zigzag),10,340,10,True
Зигзагообразное движение (Evasive Zigzag),10,340,9,True
Зигзагообразное движение (Evasive Zigzag),10,340,10,True
Зигзагообразное движение (Evasive Zigzag),10,340,10,True
Зигзагообразное движение (Evasive Zigzag),10,340,10,True
Зигзагообразное движение (Evasive Zigzag),10,340,9,True
Зигзагообразное движение (Evasive Zigzag),10,340,9,True
Зигзагообразное движение (Evasive Zigzag),10,340,9,True
Зигзагообразное движение (Evasive Zigzag),10,340,10,True
Зигзагообразное движение (Evasive Zigzag),10,340,9,True
Спиральное сближение (Spiral Approach),3,1000,2,True
Спиральное сближение (Spiral Approach),3,1000,2,True
Спиральное сближение (Spiral Approach),3,614,3,True
Спиральное сближение (Spiral Approach),3,1000,2,True
Спиральное сближение (Spiral Approach),3,614,3,True
Спиральное сближение (Spiral Approach),3,1000,1,False
Спиральное сближение (Spiral Approach),3,1000,2,True
Спиральное сближение (Spiral Approach),3,1000,2,True
Спиральное сближение (Spiral Approach),3,614,3,True
Спиральное сближение (Spiral Approach),3,1000,2,True
Спиральное сближение (Spiral Approach),3,1000,2,True
Спиральное сближение (Spiral Approach),3,614,3,True
Спиральное сближение (Spiral Approach),3,614,3,True
Спиральное сближение (Spiral Approach),3,614,3,True
Спиральное сближение (Spiral Approach),3,614,3,True
Спиральное сближение (Spiral Approach),3,1000,2,True
Спиральное сближение (Spiral Approach),3,614,3,True
Спиральное сближение (Spiral Approach),3,614,3,True
Спиральное сближение (Spiral Approach),3,1000,2,True
Спиральное сближение (Spiral Approach),3,614,3,True
Спиральное сближение (Spiral Approach),3,614,3,True
Спиральное сближение (Spiral Approach),3,1000,2,True
Спиральное сближение (Spiral Approach),3,614,3,True
Спиральное сближение (Spiral Approach),3,614,3,True
Спиральное сближение (Spiral Approach),3,1000,2,True
Спиральное сближение (Spiral Approach),3,1000,2,True
Спиральное сближение (Spiral Approach),3,1000,2,True
Спиральное сближение (Spiral Approach),3,614,3,True
Спиральное сближение (Spiral Approach),3,1000,2,True
Спиральное сближение (Spiral Approach),3,614,3,True
Спиральное сближение (Spiral Approach),3,614,3,True
Спиральное сближение (Spiral Approach),3,1000,2,True
Спиральное сближение (Spiral Approach),3,614,3,True
Спиральное сближение (Spiral Approach),3,614,3,True
Спиральное сближение (Spiral Approach),3,614,3,True
Спиральное сближение (Spiral Approach),3,614,3,True
Спиральное сближение (Spiral Approach),3,614,3,True
Спиральное сближение (Spiral Approach),3,1000,2,True
Спиральное сближение (Spiral Approach),3,1000,2,True
Спиральное сближение (Spiral Approach),3,614,3,True
Спиральное сближение (Spiral Approach),5,555,5,True
Спиральное сближение (Spiral Approach),5,555,5,True
Спиральное сближение (Spiral Approach),5,749,4,True
Спиральное сближение (Spiral Approach),5,555,5,True
Спиральное сближение (Spiral Approach),5,555,5,True
Спиральное сближение (Spiral Approach),5,749,4,True
Спиральное сближение (Spiral Approach),5,555,5,True
Спиральное сближение (Spiral Approach),5,555,5,True
Спиральное сближение (Spiral Approach),5,555,5,True
Спиральное сближение (Spiral Approach),5,555,5,True
Спиральное сближение (Spiral Approach),5,555,5,True
Спиральное сближение (Spiral Approach),5,555,5,True
Спиральное сближение (Spiral Approach),5,555,5,True
Спиральное сближение (Spiral Approach),5,555,5,True
Спиральное сближение (Spiral Approach),5,749,4,True
Спиральное сближение (Spiral Approach),5,555,5,True
Спиральное сближение (Spiral Approach),5,555,5,True
Спиральное сближение (Spiral Approach),5,555,5,True
Спиральное сближение (Spiral Approach),5,555,5,True
Спиральное сближение (Spiral Approach),5,555,5,True
Спиральное сближение (Spiral Approach),5,749,4,True
Спиральное сближение (Spiral Approach),5,555,5,True
Спиральное сближение (Spiral Approach),5,555,5,True
Спиральное сближение (Spiral Approach),5,749,4,True
Спиральное сближение (Spiral Approach),5,555,5,True
Спиральное сближение (Spiral Approach),5,555,5,True
Спиральное сближение (Spiral Approach),5,749,4,True
Спиральное сближение (Spiral Approach),5,555,5,True
Спиральное сближение (Spiral Approach),5,749,4,True
Спиральное сближение (Spiral Approach),5,555,5,True
Спиральное сближение (Spiral Approach),5,555,5,True
Спиральное сближение (Spiral Approach),5,555,5,True
Спиральное сближение (Spiral Approach),5,555,5,True
Спиральное сближение (Spiral Approach),5,555,5,True
Спиральное сближение (Spiral Approach),5,555,5,True
Спиральное сближение (Spiral Approach),5,555,5,True
Спиральное сближение (Spiral Approach),5,555,5,True
Спиральное сближение (Spiral Approach),5,749,4,True
Спиральное сближение (Spiral Approach),5,555,5,True
Спиральное сближение (Spiral Approach),5,555,5,True
Спиральное сближение (Spiral Approach),10,475,10,True
Спиральное сближение (Spiral Approach),10,475,10,True
Спиральное сближение (Spiral Approach),10,475,10,True
Спиральное сближение (Spiral Approach),10,475,10,True
Спиральное сближение (Spiral Approach),10,475,10,True
Спиральное сближение (Spiral Approach),10,475,10,True
Спиральное сближение (Spiral Approach),10,475,10,True
Спиральное сближение (Spiral Approach),10,475,10,True
Спиральное сближение (Spiral Approach),10,475,10,True
Спиральное сближение (Spiral Approach),10,475,10,True
Спиральное сближение (Spiral Approach),10,475,10,True
Спиральное сближение (Spiral Approach),10,475,10,True
Спиральное сближение (Spiral Approach),10,475,10,True
Спиральное сближение (Spiral Approach),10,475,10,True
Спиральное сближение (Spiral Approach),10,475,10,True
Спиральное сближение (Spiral Approach),10,475,10,True
Спиральное сближение (Spiral Approach),10,475,10,True
Спиральное сближение (Spiral Approach),10,475,10,True
Спиральное сближение (Spiral Approach),10,475,10,True
Спиральное сближение (Spiral Approach),10,475,10,True
Спиральное сближение (Spiral Approach),10,475,10,True
Спиральное сближение (Spiral Approach),10,475,10,True
Спиральное сближение (Spiral Approach),10,475,10,True
Спиральное сближение (Spiral Approach),10,475,10,True
Спиральное сближение (Spiral Approach),10,475,10,True
Спиральное сближение (Spiral Approach),10,475,10,True
Спиральное сближение (Spiral Approach),10,475,10,True
Спиральное сближение (Spiral Approach),10,475,10,True
Спиральное сближение (Spiral Approach),10,475,10,True
Спиральное сближение (Spiral Approach),10,475,10,True
Спиральное сближение (Spiral Approach),10,475,10,True
Спиральное сближение (Spiral Approach),10,475,10,True
Спиральное сближение (Spiral Approach),10,475,10,True
Спиральное сближение (Spiral Approach),10,475,10,True
Спиральное сближение (Spiral Approach),10,475,10,True
Спиральное сближение (Spiral Approach),10,475,10,True
Спиральное сближение (Spiral Approach),10,475,10,True
Спиральное сближение (Spiral Approach),10,475,10,True
Спиральное сближение (Spiral Approach),10,475,10,True
Спиральное сближение (Spiral Approach),10,475,10,True
Фланговая атака (Flank Attack),3,367,3,True
Фланговая атака (Flank Attack),3,367,3,True
Фланговая атака (Flank Attack),3,367,3,True
Фланговая атака (Flank Attack),3,367,3,True
Фланговая атака (Flank Attack),3,367,3,True
Фланговая атака (Flank Attack),3,367,2,True
Фланговая атака (Flank Attack),3,367,3,True
Фланговая атака (Flank Attack),3,367,3,True
Фланговая атака (Flank Attack),3,367,3,True
Фланговая атака (Flank Attack),3,367,3,True
Фланговая атака (Flank Attack),3,367,3,True
Фланговая атака (Flank Attack),3,367,3,True
Фланговая атака (Flank Attack),3,367,3,True
Фланговая атака (Flank Attack),3,367,2,True
Фланговая атака (Flank Attack),3,367,3,True
Фланговая атака (Flank Attack),3,367,2,True
Фланговая атака (Flank Attack),3,367,2,True
Фланговая атака (Flank Attack),3,367,2,True
Фланговая атака (Flank Attack),3,367,3,True
Фланговая атака (Flank Attack),3,367,3,True
Фланговая атака (Flank Attack),3,367,2,True
Фланговая атака (Flank Attack),3,367,3,True
Фланговая атака (Flank Attack),3,367,3,True
Фланговая атака (Flank Attack),3,367,2,True
Фланговая атака (Flank Attack),3,367,2,True
Фланговая атака (Flank Attack),3,367,3,True
Фланговая атака (Flank Attack),3,367,2,True
Фланговая атака (Flank Attack),3,367,2,True
Фланговая атака (Flank Attack),3,367,3,True
Фланговая атака (Flank Attack),3,367,2,True
Фланговая атака (Flank Attack),3,367,3,True
Фланговая атака (Flank Attack),3,367,2,True
Фланговая атака (Flank Attack),3,367,2,True
Фланговая атака (Flank Attack),3,367,2,True
Фланговая атака (Flank Attack),3,367,2,True
Фланговая атака (Flank Attack),3,367,3,True
Фланговая атака (Flank Attack),3,367,3,True
Фланговая атака (Flank Attack),3,367,3,True
Фланговая атака (Flank Attack),3,367,2,True
Фланговая атака (Flank Attack),3,367,3,True
Фланговая атака (Flank Attack),5,367,5,True
Фланговая атака (Flank Attack),5,367,5,True
Фланговая атака (Flank Attack),5,367,4,True
Фланговая атака (Flank Attack),5,367,5,True
Фланговая атака (Flank Attack),5,367,4,True
Фланговая атака (Flank Attack),5,367,5,True
Фланговая атака (Flank Attack),5,367,4,True
Фланговая атака (Flank Attack),5,367,4,True
Фланговая атака (Flank Attack),5,367,5,True
Фланговая атака (Flank Attack),5,367,5,True
Фланговая атака (Flank Attack),5,367,4,True
Фланговая атака (Flank Attack),5,367,4,True
Фланговая атака (Flank Attack),5,367,4,True
Фланговая атака (Flank Attack),5,367,5,True
Фланговая атака (Flank Attack),5,367,5,True
Фланговая атака (Flank Attack),5,367,5,True
Фланговая атака (Flank Attack),5,367,5,True
Фланговая атака (Flank Attack),5,367,5,True
Фланговая атака (Flank Attack),5,367,4,True
Фланговая атака (Flank Attack),5,367,4,True
Фланговая атака (Flank Attack),5,367,4,True
Фланговая атака (Flank Attack),5,367,4,True
Фланговая атака (Flank Attack),5,367,5,True
Фланговая атака (Flank Attack),5,367,3,True
Фланговая атака (Flank Attack),5,367,4,True
Фланговая атака (Flank Attack),5,367,5,True
Фланговая атака (Flank Attack),5,367,5,True
Фланговая атака (Flank Attack),5,367,4,True
Фланговая атака (Flank Attack),5,367,4,True
Фланговая атака (Flank Attack),5,367,3,True
Фланговая атака (Flank Attack),5,367,4,True
Фланговая атака (Flank Attack),5,367,4,True
Фланговая атака (Flank Attack),5,367,4,True
Фланговая атака (Flank Attack),5,367,4,True
Фланговая атака (Flank Attack),5,367,5,True
Фланговая атака (Flank Attack),5,367,5,True
Фланговая атака (Flank Attack),5,367,4,True
Фланговая атака (Flank Attack),5,367,4,True
Фланговая атака (Flank Attack),5,367,4,True
Фланговая атака (Flank Attack),5,367,5,True
Фланговая атака (Flank Attack),10,367,10,True
Фланговая атака (Flank Attack),10,367,10,True
Фланговая атака (Flank Attack),10,367,10,True
Фланговая атака (Flank Attack),10,367,10,True
Фланговая атака (Flank Attack),10,367,10,True
Фланговая атака (Flank Attack),10,367,10,True
Фланговая атака (Flank Attack),10,367,9,True
Фланговая атака (Flank Attack),10,367,9,True
Фланговая атака (Flank Attack),10,367,9,True
Фланговая атака (Flank Attack),10,367,9,True
Фланговая атака (Flank Attack),10,367,8,True
Фланговая атака (Flank Attack),10,367,9,True
Фланговая атака (Flank Attack),10,367,9,True
Фланговая атака (Flank Attack),10,367,10,True
Фланговая атака (Flank Attack),10,367,9,True
Фланговая атака (Flank Attack),10,367,9,True
Фланговая атака (Flank Attack),10,367,9,True
Фланговая атака (Flank Attack),10,367,10,True
Фланговая атака (Flank Attack),10,367,10,True
Фланговая атака (Flank Attack),10,367,9,True
Фланговая атака (Flank Attack),10,367,10,True
Фланговая атака (Flank Attack),10,367,9,True
Фланговая атака (Flank Attack),10,367,9,True
Фланговая атака (Flank Attack),10,367,9,True
Фланговая атака (Flank Attack),10,367,9,True
Фланговая атака (Flank Attack),10,367,10,True
Фланговая атака (Flank Attack),10,367,9,True
Фланговая атака (Flank Attack),10,367,9,True
Фланговая атака (Flank Attack),10,367,9,True
Фланговая атака (Flank Attack),10,367,8,True
Фланговая атака (Flank Attack),10,367,9,True
Фланговая атака (Flank Attack),10,367,9,True
Фланговая атака (Flank Attack),10,367,10,True
Фланговая атака (Flank Attack),10,367,9,True
Фланговая атака (Flank Attack),10,367,9,True
Фланговая атака (Flank Attack),10,367,9,True
Фланговая атака (Flank Attack),10,367,10,True
Фланговая атака (Flank Attack),10,367,8,True
Фланговая атака (Flank Attack),10,367,9,True
Фланговая атака (Flank Attack),10,367,9,True
Случайный шум (Random Perturbation),3,303,3,True
Случайный шум (Random Perturbation),3,309,2,True
Случайный шум (Random Perturbation),3,306,3,True
Случайный шум (Random Perturbation),3,308,2,True
Случайный шум (Random Perturbation),3,299,2,True
Случайный шум (Random Perturbation),3,308,2,True
Случайный шум (Random Perturbation),3,308,2,True
Случайный шум (Random Perturbation),3,307,3,True
Случайный шум (Random Perturbation),3,297,3,True
Случайный шум (Random Perturbation),3,307,3,True
Случайный шум (Random Perturbation),3,309,2,True
Случайный шум (Random Perturbation),3,305,3,True
Случайный шум (Random Perturbation),3,311,2,True
Случайный шум (Random Perturbation),3,308,3,True
Случайный шум (Random Perturbation),3,300,3,True
Случайный шум (Random Perturbation),3,305,3,True
Случайный шум (Random Perturbation),3,305,2,True
Случайный шум (Random Perturbation),3,309,2,True
Случайный шум (Random Perturbation),3,308,2,True
Случайный шум (Random Perturbation),3,309,2,True
Случайный шум (Random Perturbation),3,307,3,True
Случайный шум (Random Perturbation),3,309,2,True
Случайный шум (Random Perturbation),3,309,2,True
Случайный шум (Random Perturbation),3,305,3,True
Случайный шум (Random Perturbation),3,308,2,True
Случайный шум (Random Perturbation),3,309,2,True
Случайный шум (Random Perturbation),3,308,2,True
Случайный шум (Random Perturbation),3,309,2,True
Случайный шум (Random Perturbation),3,307,2,True
Случайный шум (Random Perturbation),3,304,2,True
Случайный шум (Random Perturbation),3,306,3,True
Случайный шум (Random Perturbation),3,306,2,True
Случайный шум (Random Perturbation),3,306,2,True
Случайный шум (Random Perturbation),3,307,2,True
Случайный шум (Random Perturbation),3,307,2,True
Случайный шум (Random Perturbation),3,308,3,True
Случайный шум (Random Perturbation),3,305,3,True
Случайный шум (Random Perturbation),3,308,2,True
Случайный шум (Random Perturbation),3,302,3,True
Случайный шум (Random Perturbation),3,307,2,True
Случайный шум (Random Perturbation),5,305,4,True
Случайный шум (Random Perturbation),5,306,5,True
Случайный шум (Random Perturbation),5,307,4,True
Случайный шум (Random Perturbation),5,308,4,True
Случайный шум (Random Perturbation),5,306,4,True
Случайный шум (Random Perturbation),5,307,4,True
Случайный шум (Random Perturbation),5,307,4,True
Случайный шум (Random Perturbation),5,305,4,True
Случайный шум (Random Perturbation),5,306,5,True
Случайный шум (Random Perturbation),5,306,4,True
Случайный шум (Random Perturbation),5,302,5,True
Случайный шум (Random Perturbation),5,307,4,True
Случайный шум (Random Perturbation),5,310,4,True
Случайный шум (Random Perturbation),5,306,4,True
Случайный шум (Random Perturbation),5,306,5,True
Случайный шум (Random Perturbation),5,308,4,True
Случайный шум (Random Perturbation),5,303,5,True
Случайный шум (Random Perturbation),5,307,4,True
Случайный шум (Random Perturbation),5,305,4,True
Случайный шум (Random Perturbation),5,307,5,True
Случайный шум (Random Perturbation),5,307,5,True
Случайный шум (Random Perturbation),5,306,4,True
Случайный шум (Random Perturbation),5,307,4,True
Случайный шум (Random Perturbation),5,307,4,True
Случайный шум (Random Perturbation),5,306,4,True
Случайный шум (Random Perturbation),5,306,4,True
Случайный шум (Random Perturbation),5,303,5,True
Случайный шум (Random Perturbation),5,305,5,True
Случайный шум (Random Perturbation),5,307,4,True
Случайный шум (Random Perturbation),5,307,4,True
Случайный шум (Random Perturbation),5,305,4,True
Случайный шум (Random Perturbation),5,305,4,True
Случайный шум (Random Perturbation),5,305,5,True
Случайный шум (Random Perturbation),5,306,4,True
Случайный шум (Random Perturbation),5,304,5,True
Случайный шум (Random Perturbation),5,303,4,True
Случайный шум (Random Perturbation),5,306,4,True
Случайный шум (Random Perturbation),5,306,5,True
Случайный шум (Random Perturbation),5,308,4,True
Случайный шум (Random Perturbation),5,302,5,True
Случайный шум (Random Perturbation),10,302,10,True
Случайный шум (Random Perturbation),10,307,9,True
Случайный шум (Random Perturbation),10,307,9,True
Случайный шум (Random Perturbation),10,306,9,True
Случайный шум (Random Perturbation),10,304,9,True
Случайный шум (Random Perturbation),10,303,10,True
Случайный шум (Random Perturbation),10,303,10,True
Случайный шум (Random Perturbation),10,304,9,True
Случайный шум (Random Perturbation),10,305,9,True
Случайный шум (Random Perturbation),10,304,9,True
Случайный шум (Random Perturbation),10,302,9,True
Случайный шум (Random Perturbation),10,305,9,True
Случайный шум (Random Perturbation),10,306,9,True
Случайный шум (Random Perturbation),10,307,9,True
Случайный шум (Random Perturbation),10,304,10,True
Случайный шум (Random Perturbation),10,306,9,True
Случайный шум (Random Perturbation),10,306,9,True
Случайный шум (Random Perturbation),10,302,10,True
Случайный шум (Random Perturbation),10,303,9,True
Случайный шум (Random Perturbation),10,306,9,True
Случайный шум (Random Perturbation),10,303,10,True
Случайный шум (Random Perturbation),10,302,10,True
Случайный шум (Random Perturbation),10,299,10,True
Случайный шум (Random Perturbation),10,302,10,True
Случайный шум (Random Perturbation),10,303,10,True
Случайный шум (Random Perturbation),10,305,10,True
Случайный шум (Random Perturbation),10,304,10,True
Случайный шум (Random Perturbation),10,304,10,True
Случайный шум (Random Perturbation),10,303,9,True
Случайный шум (Random Perturbation),10,304,10,True
Случайный шум (Random Perturbation),10,306,9,True
Случайный шум (Random Perturbation),10,300,10,True
Случайный шум (Random Perturbation),10,304,10,True
Случайный шум (Random Perturbation),10,302,10,True
Случайный шум (Random Perturbation),10,303,10,True
Случайный шум (Random Perturbation),10,304,10,True
Случайный шум (Random Perturbation),10,304,9,True
Случайный шум (Random Perturbation),10,303,10,True
Случайный шум (Random Perturbation),10,304,9,True
Случайный шум (Random Perturbation),10,304,10,True
Gathering (Сбор в треугольнике),3,173,3,True
Gathering (Сбор в треугольнике),3,173,3,True
Gathering (Сбор в треугольнике),3,173,3,True
Gathering (Сбор в треугольнике),3,173,3,True
Gathering (Сбор в треугольнике),3,173,3,True
Gathering (Сбор в треугольнике),3,173,3,True
Gathering (Сбор в треугольнике),3,260,1,True
Gathering (Сбор в треугольнике),3,260,1,True
Gathering (Сбор в треугольнике),3,260,2,True
Gathering (Сбор в треугольнике),3,260,2,True
Gathering (Сбор в треугольнике),3,173,3,True
Gathering (Сбор в треугольнике),3,260,1,True
Gathering (Сбор в треугольнике),3,173,3,True
Gathering (Сбор в треугольнике),3,173,3,True
Gathering (Сбор в треугольнике),3,173,3,True
Gathering (Сбор в треугольнике),3,173,3,True
Gathering (Сбор в треугольнике),3,260,1,True
Gathering (Сбор в треугольнике),3,260,1,True
Gathering (Сбор в треугольнике),3,173,3,True
Gathering (Сбор в треугольнике),3,173,3,True
Gathering (Сбор в треугольнике),3,260,2,True
Gathering (Сбор в треугольнике),3,260,1,True
Gathering (Сбор в треугольнике),3,173,3,True
Gathering (Сбор в треугольнике),3,260,2,True
Gathering (Сбор в треугольнике),3,173,3,True
Gathering (Сбор в треугольнике),3,260,1,True
Gathering (Сбор в треугольнике),3,173,3,True
Gathering (Сбор в треугольнике),3,173,3,True
Gathering (Сбор в треугольнике),3,260,1,True
Gathering (Сбор в треугольнике),3,260,1,True
Gathering (Сбор в треугольнике),3,173,3,True
Gathering (Сбор в треугольнике),3,173,3,True
Gathering (Сбор в треугольнике),3,260,1,True
Gathering (Сбор в треугольнике),3,260,1,True
Gathering (Сбор в треугольнике),3,173,3,True
Gathering (Сбор в треугольнике),3,173,3,True
Gathering (Сбор в треугольнике),3,173,3,True
Gathering (Сбор в треугольнике),3,260,1,True
Gathering (Сбор в треугольнике),3,173,3,True
Gathering (Сбор в треугольнике),3,260,1,True
Gathering (Сбор в треугольнике),3,260,1,True
Gathering (Сбор в треугольнике),3,260,1,True
Gathering (Сбор в треугольнике),3,173,3,True
Gathering (Сбор в треугольнике),3,260,1,True
Gathering (Сбор в треугольнике),3,173,3,True
Gathering (Сбор в треугольнике),3,260,1,True
Gathering (Сбор в треугольнике),3,173,3,True
Gathering (Сбор в треугольнике),3,173,3,True
Gathering (Сбор в треугольнике),3,260,1,True
Gathering (Сбор в треугольнике),3,260,1,True
Gathering (Сбор в треугольнике),3,173,3,True
Gathering (Сбор в треугольнике),3,173,3,True
Gathering (Сбор в треугольнике),3,173,3,True
Gathering (Сбор в треугольнике),3,173,3,True
Gathering (Сбор в треугольнике),3,173,3,True
Gathering (Сбор в треугольнике),3,260,2,True
Gathering (Сбор в треугольнике),3,173,3,True
Gathering (Сбор в треугольнике),3,173,3,True
Gathering (Сбор в треугольнике),3,173,3,True
Gathering (Сбор в треугольнике),3,173,3,True
Gathering (Сбор в треугольнике),3,173,3,True
Gathering (Сбор в треугольнике),3,173,3,True
Gathering (Сбор в треугольнике),3,260,1,True
Gathering (Сбор в треугольнике),3,173,3,True
Gathering (Сбор в треугольнике),3,173,3,True
Gathering (Сбор в треугольнике),3,173,3,True
Gathering (Сбор в треугольнике),3,173,3,True
Gathering (Сбор в треугольнике),3,173,3,True
Gathering (Сбор в треугольнике),3,173,3,True
Gathering (Сбор в треугольнике),3,173,3,True
Gathering (Сбор в треугольнике),3,173,3,True
Gathering (Сбор в треугольнике),3,260,1,True
Gathering (Сбор в треугольнике),3,260,2,True
Gathering (Сбор в треугольнике),3,173,3,True
Gathering (Сбор в треугольнике),3,260,1,True
Gathering (Сбор в треугольнике),3,173,3,True
Gathering (Сбор в треугольнике),3,260,2,True
Gathering (Сбор в треугольнике),3,260,2,True
Gathering (Сбор в треугольнике),3,173,3,True
Gathering (Сбор в треугольнике),3,260,2,True
Gathering (Сбор в треугольнике),3,173,3,True
Gathering (Сбор в треугольнике),3,173,3,True
Gathering (Сбор в треугольнике),3,173,3,True
Gathering (Сбор в треугольнике),3,173,3,True
Gathering (Сбор в треугольнике),3,173,3,True
Gathering (Сбор в треугольнике),3,173,3,True
Gathering (Сбор в треугольнике),3,173,3,True
Gathering (Сбор в треугольнике),3,173,3,True
Gathering (Сбор в треугольнике),3,260,2,True
Gathering (Сбор в треугольнике),3,173,3,True
Gathering (Сбор в треугольнике),3,260,1,True
Gathering (Сбор в треугольнике),3,173,3,True
Gathering (Сбор в треугольнике),3,173,3,True
Gathering (Сбор в треугольнике),3,260,1,True
Gathering (Сбор в треугольнике),3,173,3,True
Gathering (Сбор в треугольнике),3,260,1,True
Gathering (Сбор в треугольнике),3,173,3,True
Gathering (Сбор в треугольнике),3,173,3,True
Gathering (Сбор в треугольнике),3,260,1,True
Gathering (Сбор в треугольнике),3,173,3,True
Gathering (Сбор в треугольнике),3,173,3,True
Gathering (Сбор в треугольнике),3,173,3,True
Gathering (Сбор в треугольнике),3,260,2,True
Gathering (Сбор в треугольнике),3,173,3,True
Gathering (Сбор в треугольнике),3,173,3,True
Gathering (Сбор в треугольнике),3,173,3,True
Gathering (Сбор в треугольнике),3,173,3,True
Gathering (Сбор в треугольнике),3,260,1,True
Gathering (Сбор в треугольнике),3,173,3,True
Gathering (Сбор в треугольнике),3,173,3,True
Gathering (Сбор в треугольнике),3,173,3,True
Gathering (Сбор в треугольнике),3,173,3,True
Gathering (Сбор в треугольнике),3,260,1,True
Gathering (Сбор в треугольнике),3,260,2,True
Gathering (Сбор в треугольнике),3,260,1,True
Gathering (Сбор в треугольнике),3,260,2,True
Gathering (Сбор в треугольнике),3,260,1,True
Gathering (Сбор в треугольнике),3,173,3,True
Gathering (Сбор в треугольнике),3,173,3,True
Gathering (Сбор в треугольнике),3,173,3,True
Спиральный зигзаг (Spiral Zigzag),3,1000,3,False
Спиральный зигзаг (Spiral Zigzag),3,1000,3,False
Спиральный зигзаг (Spiral Zigzag),3,1000,3,False
Спиральный зигзаг (Spiral Zigzag),3,1000,3,False
Спиральный зигзаг (Spiral Zigzag),3,1000,3,False
Спиральный зигзаг (Spiral Zigzag),3,1000,2,False
Спиральный зигзаг (Spiral Zigzag),3,1000,3,False
Спиральный зигзаг (Spiral Zigzag),3,1000,2,False
Спиральный зигзаг (Spiral Zigzag),3,1000,3,False
Спиральный зигзаг (Spiral Zigzag),3,1000,3,False
Спиральный зигзаг (Spiral Zigzag),3,1000,3,False
Спиральный зигзаг (Spiral Zigzag),3,1000,2,False
Спиральный зигзаг (Spiral Zigzag),3,1000,3,False
Спиральный зигзаг (Spiral Zigzag),3,1000,2,False
Спиральный зигзаг (Spiral Zigzag),3,1000,3,False
Спиральный зигзаг (Spiral Zigzag),3,1000,2,False
Спиральный зигзаг (Spiral Zigzag),3,1000,3,False
Спиральный зигзаг (Spiral Zigzag),3,1000,3,False
Спиральный зигзаг (Spiral Zigzag),3,1000,3,False
Спиральный зигзаг (Spiral Zigzag),3,1000,2,False
Спиральный зигзаг (Spiral Zigzag),3,1000,3,False
Спиральный зигзаг (Spiral Zigzag),3,1000,2,False
Спиральный зигзаг (Spiral Zigzag),3,1000,3,False
Спиральный зигзаг (Spiral Zigzag),3,1000,2,False
Спиральный зигзаг (Spiral Zigzag),3,1000,3,False
Спиральный зигзаг (Spiral Zigzag),3,1000,3,False
Спиральный зигзаг (Spiral Zigzag),3,1000,2,False
Спиральный зигзаг (Spiral Zigzag),3,1000,3,False
Спиральный зигзаг (Spiral Zigzag),3,1000,2,False
Спиральный зигзаг (Spiral Zigzag),3,1000,3,False
Спиральный зигзаг (Spiral Zigzag),3,1000,3,False
Спиральный зигзаг (Spiral Zigzag),3,1000,3,False
Спиральный зигзаг (Spiral Zigzag),3,1000,3,False
Спиральный зигзаг (Spiral Zigzag),3,1000,2,False
Спиральный зигзаг (Spiral Zigzag),3,1000,3,False
Спиральный зигзаг (Spiral Zigzag),3,1000,3,False
Спиральный зигзаг (Spiral Zigzag),3,1000,3,False
Спиральный зигзаг (Spiral Zigzag),3,1000,3,False
Спиральный зигзаг (Spiral Zigzag),3,1000,1,False
Спиральный зигзаг (Spiral Zigzag),3,1000,3,False
Спиральный зигзаг (Spiral Zigzag),5,1000,5,False
Спиральный зигзаг (Spiral Zigzag),5,1000,4,False
Спиральный зигзаг (Spiral Zigzag),5,1000,5,False
Спиральный зигзаг (Spiral Zigzag),5,1000,5,False
Спиральный зигзаг (Spiral Zigzag),5,1000,5,False
Спиральный зигзаг (Spiral Zigzag),5,1000,4,False
Спиральный зигзаг (Spiral Zigzag),5,1000,5,False
Спиральный зигзаг (Spiral Zigzag),5,1000,4,False
Спиральный зигзаг (Spiral Zigzag),5,1000,4,False
Спиральный зигзаг (Spiral Zigzag),5,1000,5,False
Спиральный зигзаг (Spiral Zigzag),5,1000,5,False
Спиральный зигзаг (Spiral Zigzag),5,1000,5,False
Спиральный зигзаг (Spiral Zigzag),5,1000,5,False
Спиральный зигзаг (Spiral Zigzag),5,1000,5,False
Спиральный зигзаг (Spiral Zigzag),5,1000,5,False
Спиральный зигзаг (Spiral Zigzag),5,1000,4,False
Спиральный зигзаг (Spiral Zigzag),5,1000,4,False
Спиральный зигзаг (Spiral Zigzag),5,1000,5,False
Спиральный зигзаг (Spiral Zigzag),5,1000,3,False
Спиральный зигзаг (Spiral Zigzag),5,1000,5,False
Спиральный зигзаг (Spiral Zigzag),5,1000,5,False
Спиральный зигзаг (Spiral Zigzag),5,1000,5,False
Спиральный зигзаг (Spiral Zigzag),5,1000,3,False
Спиральный зигзаг (Spiral Zigzag),5,1000,3,False
Спиральный зигзаг (Spiral Zigzag),5,1000,5,False
Спиральный зигзаг (Spiral Zigzag),5,1000,5,False
Спиральный зигзаг (Spiral Zigzag),5,1000,4,False
Спиральный зигзаг (Spiral Zigzag),5,1000,4,False
Спиральный зигзаг (Spiral Zigzag),5,1000,4,False
Спиральный зигзаг (Spiral Zigzag),5,1000,4,False
Спиральный зигзаг (Spiral Zigzag),5,1000,4,False
Спиральный зигзаг (Spiral Zigzag),5,1000,4,False
Спиральный зигзаг (Spiral Zigzag),5,1000,5,False
Спиральный зигзаг (Spiral Zigzag),5,1000,5,False
Спиральный зигзаг (Spiral Zigzag),5,1000,5,False
Спиральный зигзаг (Spiral Zigzag),5,1000,5,False
Спиральный зигзаг (Spiral Zigzag),5,1000,5,False
Спиральный зигзаг (Spiral Zigzag),5,1000,4,False
Спиральный зигзаг (Spiral Zigzag),5,1000,5,False
Спиральный зигзаг (Spiral Zigzag),5,1000,4,False
Спиральный зигзаг (Spiral Zigzag),10,1000,9,False
Спиральный зигзаг (Spiral Zigzag),10,1000,8,False
Спиральный зигзаг (Spiral Zigzag),10,908,10,True
Спиральный зигзаг (Spiral Zigzag),10,1000,9,False
Спиральный зигзаг (Spiral Zigzag),10,1000,9,False
Спиральный зигзаг (Spiral Zigzag),10,908,8,True
Спиральный зигзаг (Spiral Zigzag),10,908,9,True
Спиральный зигзаг (Spiral Zigzag),10,908,10,True
Спиральный зигзаг (Spiral Zigzag),10,908,10,True
Спиральный зигзаг (Spiral Zigzag),10,908,10,True
Спиральный зигзаг (Spiral Zigzag),10,909,9,True
Спиральный зигзаг (Spiral Zigzag),10,912,9,True
Спиральный зигзаг (Spiral Zigzag),10,912,10,True
Спиральный зигзаг (Spiral Zigzag),10,908,9,True
Спиральный зигзаг (Spiral Zigzag),10,908,9,True
Спиральный зигзаг (Spiral Zigzag),10,909,10,True
Спиральный зигзаг (Spiral Zigzag),10,913,10,True
Спиральный зигзаг (Spiral Zigzag),10,1000,9,False
Спиральный зигзаг (Spiral Zigzag),10,908,9,True
Спиральный зигзаг (Spiral Zigzag),10,908,10,True
Спиральный зигзаг (Spiral Zigzag),10,908,10,True
Спиральный зигзаг (Spiral Zigzag),10,908,9,True
Спиральный зигзаг (Spiral Zigzag),10,911,9,True
Спиральный зигзаг (Spiral Zigzag),10,908,7,True
Спиральный зигзаг (Spiral Zigzag),10,909,9,True
Спиральный зигзаг (Spiral Zigzag),10,912,10,True
Спиральный зигзаг (Spiral Zigzag),10,1000,8,False
Спиральный зигзаг (Spiral Zigzag),10,908,10,True
Спиральный зигзаг (Spiral Zigzag),10,913,10,True
Спиральный зигзаг (Spiral Zigzag),10,1000,8,False
Спиральный зигзаг (Spiral Zigzag),10,908,10,True
Спиральный зигзаг (Spiral Zigzag),10,911,10,True
Спиральный зигзаг (Spiral Zigzag),10,908,9,True
Спиральный зигзаг (Spiral Zigzag),10,911,10,True
Спиральный зигзаг (Spiral Zigzag),10,911,10,True
Спиральный зигзаг (Spiral Zigzag),10,908,10,True
Спиральный зигзаг (Spiral Zigzag),10,908,10,True
Спиральный зигзаг (Spiral Zigzag),10,1000,8,False
Спиральный зигзаг (Spiral Zigzag),10,1000,9,False
Спиральный зигзаг (Spiral Zigzag),10,910,8,True
